Metric,Value
design__lint_error__count,0
design__lint_timing_construct__count,0
design__lint_warning__count,10
design__inferred_latch__count,0
design__instance__count,26837
design__instance__area,572429
design__instance_unmapped__count,0
synthesis__check_error__count,0
design__max_slew_violation__count__corner:nom_tt_025C_5v00,0
design__max_fanout_violation__count__corner:nom_tt_025C_5v00,74
design__max_cap_violation__count__corner:nom_tt_025C_5v00,0
power__internal__total,0.018856801092624664
power__switching__total,0.005275898613035679
power__leakage__total,0.000003073917014262406
power__total,0.024135772138834
clock__skew__worst_hold__corner:nom_tt_025C_5v00,-0.31460621109847803
clock__skew__worst_setup__corner:nom_tt_025C_5v00,0.32187561860240904
timing__hold__ws__corner:nom_tt_025C_5v00,0.3852199779309861
timing__setup__ws__corner:nom_tt_025C_5v00,38.20682189879451
timing__hold__tns__corner:nom_tt_025C_5v00,0.0
timing__setup__tns__corner:nom_tt_025C_5v00,0.0
timing__hold__wns__corner:nom_tt_025C_5v00,0
timing__setup__wns__corner:nom_tt_025C_5v00,0.0
timing__hold_vio__count__corner:nom_tt_025C_5v00,0
timing__hold_r2r__ws__corner:nom_tt_025C_5v00,0.385220
timing__hold_r2r_vio__count__corner:nom_tt_025C_5v00,0
timing__setup_vio__count__corner:nom_tt_025C_5v00,0
timing__setup_r2r__ws__corner:nom_tt_025C_5v00,38.206821
timing__setup_r2r_vio__count__corner:nom_tt_025C_5v00,0
design__max_slew_violation__count__corner:nom_ss_125C_4v50,2045
design__max_fanout_violation__count__corner:nom_ss_125C_4v50,74
design__max_cap_violation__count__corner:nom_ss_125C_4v50,0
clock__skew__worst_hold__corner:nom_ss_125C_4v50,-0.3610602752309569
clock__skew__worst_setup__corner:nom_ss_125C_4v50,0.3781019770963204
timing__hold__ws__corner:nom_ss_125C_4v50,0.9557865880391896
timing__setup__ws__corner:nom_ss_125C_4v50,18.219076540886906
timing__hold__tns__corner:nom_ss_125C_4v50,0.0
timing__setup__tns__corner:nom_ss_125C_4v50,0.0
timing__hold__wns__corner:nom_ss_125C_4v50,0
timing__setup__wns__corner:nom_ss_125C_4v50,0.0
timing__hold_vio__count__corner:nom_ss_125C_4v50,0
timing__hold_r2r__ws__corner:nom_ss_125C_4v50,0.955787
timing__hold_r2r_vio__count__corner:nom_ss_125C_4v50,0
timing__setup_vio__count__corner:nom_ss_125C_4v50,0
timing__setup_r2r__ws__corner:nom_ss_125C_4v50,18.219076
timing__setup_r2r_vio__count__corner:nom_ss_125C_4v50,0
design__max_slew_violation__count__corner:nom_ff_n40C_5v50,0
design__max_fanout_violation__count__corner:nom_ff_n40C_5v50,74
design__max_cap_violation__count__corner:nom_ff_n40C_5v50,0
clock__skew__worst_hold__corner:nom_ff_n40C_5v50,-0.2932687786735921
clock__skew__worst_setup__corner:nom_ff_n40C_5v50,0.2961327100689127
timing__hold__ws__corner:nom_ff_n40C_5v50,0.14079049435901217
timing__setup__ws__corner:nom_ff_n40C_5v50,45.91607224399061
timing__hold__tns__corner:nom_ff_n40C_5v50,0.0
timing__setup__tns__corner:nom_ff_n40C_5v50,0.0
timing__hold__wns__corner:nom_ff_n40C_5v50,0
timing__setup__wns__corner:nom_ff_n40C_5v50,0.0
timing__hold_vio__count__corner:nom_ff_n40C_5v50,0
timing__hold_r2r__ws__corner:nom_ff_n40C_5v50,0.140790
timing__hold_r2r_vio__count__corner:nom_ff_n40C_5v50,0
timing__setup_vio__count__corner:nom_ff_n40C_5v50,0
timing__setup_r2r__ws__corner:nom_ff_n40C_5v50,47.117489
timing__setup_r2r_vio__count__corner:nom_ff_n40C_5v50,0
design__max_slew_violation__count,2568
design__max_fanout_violation__count,74
design__max_cap_violation__count,0
clock__skew__worst_hold,-0.28828631964276574
clock__skew__worst_setup,0.2902220490520971
timing__hold__ws,0.13851076233577164
timing__setup__ws,16.54591888110832
timing__hold__tns,0.0
timing__setup__tns,0.0
timing__hold__wns,0
timing__setup__wns,0.0
timing__hold_vio__count,0
timing__hold_r2r__ws,0.138511
timing__hold_r2r_vio__count,0
timing__setup_vio__count,0
timing__setup_r2r__ws,16.545919
timing__setup_r2r_vio__count,0
design__die__bbox,0.0 0.0 1110.0 550.0
design__core__bbox,10.08 11.76 1099.84 537.04
design__io,28
design__die__area,610500
design__core__area,572429
design__instance__count__stdcell,13393
design__instance__area__stdcell,281743
design__instance__count__macros,0
design__instance__area__macros,0
design__instance__count__padcells,0
design__instance__area__padcells,0
design__instance__count__cover,0
design__instance__area__cover,0
design__instance__utilization,0.492188
design__instance__utilization__stdcell,0.492188
design__rows,134
design__rows:GF018hv5v_mcu_sc7,134
design__sites,260764
design__sites:GF018hv5v_mcu_sc7,260764
design__instance__count__class:tie_cell,46
design__instance__area__class:tie_cell,403.917
design__instance__count__class:buffer,1220
design__instance__area__class:buffer,16295
design__instance__count__class:inverter,258
design__instance__area__class:inverter,2458.62
design__instance__count__class:sequential_cell,1316
design__instance__area__class:sequential_cell,92466.2
design__instance__count__class:multi_input_combinational_cell,5455
design__instance__area__class:multi_input_combinational_cell,121247
flow__warnings__count,1
flow__errors__count,0
flow__warnings__count:IFP-0028,1
flow__warnings__count:ODB-0220,1
flow__warnings__type_count,1
flow__warnings__count:ORD-0039,1
design__instance__count__class:endcap_cell,268
design__instance__area__class:endcap_cell,1176.63
design__instance__count__class:tap_cell,3744
design__instance__area__class:tap_cell,16437.7
design__power_grid_violation__count__net:VDD,1
design__power_grid_violation__count__net:VSS,1
design__power_grid_violation__count,2
flow__warnings__count:GRT-0281,1
timing__drv__floating__nets,2
timing__drv__floating__pins,0
design__instance__displacement__total,0
design__instance__displacement__mean,0
design__instance__displacement__max,0
route__wirelength__estimated,349914
design__violations,0
design__instance__count__class:timing_repair_buffer,913
design__instance__area__class:timing_repair_buffer,23174.7
flow__warnings__count:RSZ-0020,1
flow__warnings__count:RSZ-0065,1
flow__warnings__count:STA-1140,6
design__instance__count__class:clock_buffer,123
design__instance__area__class:clock_buffer,7428.56
design__instance__count__class:clock_inverter,40
design__instance__area__class:clock_inverter,610.266
design__instance__count__setup_buffer,0
design__instance__count__hold_buffer,0
global_route__vias,67941
global_route__wirelength,602238
antenna__violating__nets,0
antenna__violating__pins,0
route__antenna_violation__count,0
flow__warnings__count:EST-0026,1001
design__instance__count__class:antenna_cell,10
design__instance__area__class:antenna_cell,43.904
antenna_diodes_count,4
route__net,9316
route__net__special,2
route__drc_errors__iter:0,2540
route__wirelength__iter:0,395506
route__drc_errors__iter:1,991
route__wirelength__iter:1,392637
route__drc_errors__iter:2,985
route__wirelength__iter:2,392035
route__drc_errors__iter:3,272
route__wirelength__iter:3,393126
route__drc_errors__iter:4,138
route__wirelength__iter:4,393350
route__drc_errors__iter:5,94
route__wirelength__iter:5,393294
route__drc_errors__iter:6,79
route__wirelength__iter:6,393275
route__drc_errors__iter:7,76
route__wirelength__iter:7,393283
route__drc_errors__iter:8,76
route__wirelength__iter:8,393283
route__drc_errors__iter:9,9
route__wirelength__iter:9,393294
route__drc_errors__iter:10,7
route__wirelength__iter:10,393295
route__drc_errors__iter:11,7
route__wirelength__iter:11,393295
route__drc_errors__iter:12,1
route__wirelength__iter:12,393445
route__drc_errors__iter:13,0
route__wirelength__iter:13,393444
route__drc_errors,0
route__wirelength,393444
route__vias,61189
route__vias__singlecut,61189
route__vias__multicut,0
flow__warnings__count:DRT-0349,8
design__disconnected_pin__count,1
design__critical_disconnected_pin__count,0
route__wirelength__max,1038.69
design__instance__count__class:fill_cell,13444
design__instance__area__class:fill_cell,290686
timing__unannotated_net__count__corner:nom_tt_025C_5v00,65
timing__unannotated_net_filtered__count__corner:nom_tt_025C_5v00,0
timing__unannotated_net__count__corner:nom_ss_125C_4v50,65
timing__unannotated_net_filtered__count__corner:nom_ss_125C_4v50,0
timing__unannotated_net__count__corner:nom_ff_n40C_5v50,65
timing__unannotated_net_filtered__count__corner:nom_ff_n40C_5v50,0
design__max_slew_violation__count__corner:min_tt_025C_5v00,0
design__max_fanout_violation__count__corner:min_tt_025C_5v00,74
design__max_cap_violation__count__corner:min_tt_025C_5v00,0
clock__skew__worst_hold__corner:min_tt_025C_5v00,-0.3077472530583592
clock__skew__worst_setup__corner:min_tt_025C_5v00,0.31279332787029573
timing__hold__ws__corner:min_tt_025C_5v00,0.38207893486088185
timing__setup__ws__corner:min_tt_025C_5v00,39.03478895048283
timing__hold__tns__corner:min_tt_025C_5v00,0.0
timing__setup__tns__corner:min_tt_025C_5v00,0.0
timing__hold__wns__corner:min_tt_025C_5v00,0
timing__setup__wns__corner:min_tt_025C_5v00,0.0
timing__hold_vio__count__corner:min_tt_025C_5v00,0
timing__hold_r2r__ws__corner:min_tt_025C_5v00,0.382079
timing__hold_r2r_vio__count__corner:min_tt_025C_5v00,0
timing__setup_vio__count__corner:min_tt_025C_5v00,0
timing__setup_r2r__ws__corner:min_tt_025C_5v00,39.034790
timing__setup_r2r_vio__count__corner:min_tt_025C_5v00,0
timing__unannotated_net__count__corner:min_tt_025C_5v00,65
timing__unannotated_net_filtered__count__corner:min_tt_025C_5v00,0
design__max_slew_violation__count__corner:min_ss_125C_4v50,1551
design__max_fanout_violation__count__corner:min_ss_125C_4v50,74
design__max_cap_violation__count__corner:min_ss_125C_4v50,0
clock__skew__worst_hold__corner:min_ss_125C_4v50,-0.3502742361970686
clock__skew__worst_setup__corner:min_ss_125C_4v50,0.3618325463887275
timing__hold__ws__corner:min_ss_125C_4v50,0.9505818623525472
timing__setup__ws__corner:min_ss_125C_4v50,19.00198807642642
timing__hold__tns__corner:min_ss_125C_4v50,0.0
timing__setup__tns__corner:min_ss_125C_4v50,0.0
timing__hold__wns__corner:min_ss_125C_4v50,0
timing__setup__wns__corner:min_ss_125C_4v50,0.0
timing__hold_vio__count__corner:min_ss_125C_4v50,0
timing__hold_r2r__ws__corner:min_ss_125C_4v50,0.950582
timing__hold_r2r_vio__count__corner:min_ss_125C_4v50,0
timing__setup_vio__count__corner:min_ss_125C_4v50,0
timing__setup_r2r__ws__corner:min_ss_125C_4v50,19.001987
timing__setup_r2r_vio__count__corner:min_ss_125C_4v50,0
timing__unannotated_net__count__corner:min_ss_125C_4v50,65
timing__unannotated_net_filtered__count__corner:min_ss_125C_4v50,0
design__max_slew_violation__count__corner:min_ff_n40C_5v50,0
design__max_fanout_violation__count__corner:min_ff_n40C_5v50,74
design__max_cap_violation__count__corner:min_ff_n40C_5v50,0
clock__skew__worst_hold__corner:min_ff_n40C_5v50,-0.28828631964276574
clock__skew__worst_setup__corner:min_ff_n40C_5v50,0.2902220490520971
timing__hold__ws__corner:min_ff_n40C_5v50,0.13851076233577164
timing__setup__ws__corner:min_ff_n40C_5v50,45.96415822499314
timing__hold__tns__corner:min_ff_n40C_5v50,0.0
timing__setup__tns__corner:min_ff_n40C_5v50,0.0
timing__hold__wns__corner:min_ff_n40C_5v50,0
timing__setup__wns__corner:min_ff_n40C_5v50,0.0
timing__hold_vio__count__corner:min_ff_n40C_5v50,0
timing__hold_r2r__ws__corner:min_ff_n40C_5v50,0.138511
timing__hold_r2r_vio__count__corner:min_ff_n40C_5v50,0
timing__setup_vio__count__corner:min_ff_n40C_5v50,0
timing__setup_r2r__ws__corner:min_ff_n40C_5v50,47.663334
timing__setup_r2r_vio__count__corner:min_ff_n40C_5v50,0
timing__unannotated_net__count__corner:min_ff_n40C_5v50,65
timing__unannotated_net_filtered__count__corner:min_ff_n40C_5v50,0
design__max_slew_violation__count__corner:max_tt_025C_5v00,0
design__max_fanout_violation__count__corner:max_tt_025C_5v00,74
design__max_cap_violation__count__corner:max_tt_025C_5v00,0
clock__skew__worst_hold__corner:max_tt_025C_5v00,-0.3263364948415151
clock__skew__worst_setup__corner:max_tt_025C_5v00,0.333180353848072
timing__hold__ws__corner:max_tt_025C_5v00,0.3890395893329325
timing__setup__ws__corner:max_tt_025C_5v00,37.21849955796469
timing__hold__tns__corner:max_tt_025C_5v00,0.0
timing__setup__tns__corner:max_tt_025C_5v00,0.0
timing__hold__wns__corner:max_tt_025C_5v00,0
timing__setup__wns__corner:max_tt_025C_5v00,0.0
timing__hold_vio__count__corner:max_tt_025C_5v00,0
timing__hold_r2r__ws__corner:max_tt_025C_5v00,0.389040
timing__hold_r2r_vio__count__corner:max_tt_025C_5v00,0
timing__setup_vio__count__corner:max_tt_025C_5v00,0
timing__setup_r2r__ws__corner:max_tt_025C_5v00,37.218498
timing__setup_r2r_vio__count__corner:max_tt_025C_5v00,0
timing__unannotated_net__count__corner:max_tt_025C_5v00,65
timing__unannotated_net_filtered__count__corner:max_tt_025C_5v00,0
design__max_slew_violation__count__corner:max_ss_125C_4v50,2568
design__max_fanout_violation__count__corner:max_ss_125C_4v50,74
design__max_cap_violation__count__corner:max_ss_125C_4v50,0
clock__skew__worst_hold__corner:max_ss_125C_4v50,-0.381185954701345
clock__skew__worst_setup__corner:max_ss_125C_4v50,0.39799384359110973
timing__hold__ws__corner:max_ss_125C_4v50,0.9621321789382027
timing__setup__ws__corner:max_ss_125C_4v50,16.54591888110832
timing__hold__tns__corner:max_ss_125C_4v50,0.0
timing__setup__tns__corner:max_ss_125C_4v50,0.0
timing__hold__wns__corner:max_ss_125C_4v50,0
timing__setup__wns__corner:max_ss_125C_4v50,0.0
timing__hold_vio__count__corner:max_ss_125C_4v50,0
timing__hold_r2r__ws__corner:max_ss_125C_4v50,0.962132
timing__hold_r2r_vio__count__corner:max_ss_125C_4v50,0
timing__setup_vio__count__corner:max_ss_125C_4v50,0
timing__setup_r2r__ws__corner:max_ss_125C_4v50,16.545919
timing__setup_r2r_vio__count__corner:max_ss_125C_4v50,0
timing__unannotated_net__count__corner:max_ss_125C_4v50,65
timing__unannotated_net_filtered__count__corner:max_ss_125C_4v50,0
design__max_slew_violation__count__corner:max_ff_n40C_5v50,0
design__max_fanout_violation__count__corner:max_ff_n40C_5v50,74
design__max_cap_violation__count__corner:max_ff_n40C_5v50,0
clock__skew__worst_hold__corner:max_ff_n40C_5v50,-0.30113554169281703
clock__skew__worst_setup__corner:max_ff_n40C_5v50,0.30348599492472633
timing__hold__ws__corner:max_ff_n40C_5v50,0.14355639305848578
timing__setup__ws__corner:max_ff_n40C_5v50,45.85880249786865
timing__hold__tns__corner:max_ff_n40C_5v50,0.0
timing__setup__tns__corner:max_ff_n40C_5v50,0.0
timing__hold__wns__corner:max_ff_n40C_5v50,0
timing__setup__wns__corner:max_ff_n40C_5v50,0.0
timing__hold_vio__count__corner:max_ff_n40C_5v50,0
timing__hold_r2r__ws__corner:max_ff_n40C_5v50,0.143556
timing__hold_r2r_vio__count__corner:max_ff_n40C_5v50,0
timing__setup_vio__count__corner:max_ff_n40C_5v50,0
timing__setup_r2r__ws__corner:max_ff_n40C_5v50,46.466049
timing__setup_r2r_vio__count__corner:max_ff_n40C_5v50,0
timing__unannotated_net__count__corner:max_ff_n40C_5v50,65
timing__unannotated_net_filtered__count__corner:max_ff_n40C_5v50,0
timing__unannotated_net__count,65
timing__unannotated_net_filtered__count,0
design__xor_difference__count,0
magic__drc_error__count,0
magic__illegal_overlap__count,0
design__lvs_device_difference__count,0
design__lvs_net_difference__count,0
design__lvs_property_fail__count,0
design__lvs_error__count,0
design__lvs_unmatched_device__count,0
design__lvs_unmatched_net__count,0
design__lvs_unmatched_pin__count,0
